"Gencode Id","Gene Symbol","Variant Id","SNP Id","P-Value","NES","Tissue"
"ENSG00000184012.11","TMPRSS2","chr21_41549662_G_A_b38","rs11701542","5.3e-23","0.60","Testis"
"ENSG00000184012.11","TMPRSS2","chr21_41552219_C_T_b38","rs62219311","5.3e-23","0.60","Testis"
"ENSG00000184012.11","TMPRSS2","chr21_41552228_T_A_b38","rs62219312","5.3e-23","0.60","Testis"
"ENSG00000184012.11","TMPRSS2","chr21_41552967_G_GA_b38","rs368463440","5.3e-23","0.60","Testis"
"ENSG00000184012.11","TMPRSS2","chr21_41552968_T_TGTA_b38","rs764337939","5.3e-23","0.60","Testis"
"ENSG00000184012.11","TMPRSS2","chr21_41552970_C_CTCTT_b38","rs148391274","5.3e-23","0.60","Testis"
"ENSG00000184012.11","TMPRSS2","chr21_41553100_A_G_b38","rs2838059","4.2e-21","0.57","Testis"
"ENSG00000184012.11","TMPRSS2","chr21_41553757_T_A_b38","rs2838061","1.2e-17","0.52","Testis"
"ENSG00000184012.11","TMPRSS2","chr21_41549219_T_C_b38","rs13052864","3.5e-16","-0.51","Testis"
"ENSG00000184012.11","TMPRSS2","chr21_41549790_G_A_b38","rs2838056","3.5e-16","-0.51","Testis"
"ENSG00000184012.11","TMPRSS2","chr21_41550704_G_A_b38","rs61614992","3.5e-16","-0.51","Testis"
"ENSG00000184012.11","TMPRSS2","chr21_41553210_C_T_b38","rs13046709","1.1e-14","-0.48","Testis"
"ENSG00000184012.11","TMPRSS2","chr21_41550269_A_G_b38","rs34498700","4.4e-13","-0.46","Testis"
"ENSG00000184012.11","TMPRSS2","chr21_41520129_G_A_b38","rs6517673","1.8e-12","-0.30","Prostate"
"ENSG00000184012.11","TMPRSS2","chr21_41521831_G_A_b38","rs8134378","1.8e-12","-0.30","Prostate"
"ENSG00000184012.11","TMPRSS2","chr21_41521981_G_A_b38","rs8134657","1.8e-12","-0.30","Prostate"
"ENSG00000184012.11","TMPRSS2","chr21_41546457_A_G_b38","rs2838055","8.0e-12","-0.43","Testis"
"ENSG00000184012.11","TMPRSS2","chr21_41553901_T_C_b38","rs77381400","3.3e-11","0.58","Testis"
"ENSG00000184012.11","TMPRSS2","chr21_41551329_G_A_b38","rs79037293","3.4e-11","0.58","Testis"
"ENSG00000184012.11","TMPRSS2","chr21_41461592_AC_A_b38","rs35074065","3.9e-11","0.13","Lung"
"ENSG00000184012.11","TMPRSS2","chr21_41554226_G_A_b38","rs9305751","3.4e-10","-0.40","Testis"
"ENSG00000184012.11","TMPRSS2","chr21_41482711_A_T_b38","rs34783969","3.9e-10","0.12","Lung"
"ENSG00000184012.11","TMPRSS2","chr21_41464259_T_A_b38","rs463727","5.0e-10","0.12","Lung"
"ENSG00000184012.11","TMPRSS2","chr21_41481267_TCAGACA_T_b38","rs139374762","7.1e-10","0.12","Lung"
"ENSG00000184012.11","TMPRSS2","chr21_41481156_A_G_b38","rs4290734","8.3e-10","0.12","Lung"
"ENSG00000184012.11","TMPRSS2","chr21_41485641_C_T_b38","rs11702475","8.4e-10","0.12","Lung"
"ENSG00000184012.11","TMPRSS2","chr21_41480393_C_A_b38","rs734056","1.3e-9","0.12","Lung"
"ENSG00000184012.11","TMPRSS2","chr21_41555593_G_A_b38","rs9975883","1.8e-9","-0.38","Testis"
"ENSG00000184012.11","TMPRSS2","chr21_41473711_C_T_b38","rs55964536","1.9e-9","0.12","Lung"
"ENSG00000184012.11","TMPRSS2","chr21_41472130_G_A_b38","rs7364083","3.3e-9","-0.12","Lung"
"ENSG00000184012.11","TMPRSS2","chr21_41491442_C_T_b38","rs35041537","3.6e-9","0.12","Lung"
"ENSG00000184012.11","TMPRSS2","chr21_41470196_A_C_b38","rs9974589","7.4e-9","-0.12","Lung"
"ENSG00000184012.11","TMPRSS2","chr21_41491393_C_A_b38","rs35899679","7.8e-9","0.11","Lung"
"ENSG00000184012.11","TMPRSS2","chr21_41470061_G_A_b38","rs2070788","8.9e-9","-0.11","Lung"
"ENSG00000184012.11","TMPRSS2","chr21_41471514_A_AC_b38","rs34624090","9.2e-9","0.12","Lung"
"ENSG00000184012.11","TMPRSS2","chr21_41491399_A_G_b38","rs417888","1.0e-8","-0.11","Lung"
"ENSG00000184012.11","TMPRSS2","chr21_41486440_T_C_b38","rs383510","1.2e-8","-0.11","Lung"
"ENSG00000184012.11","TMPRSS2","chr21_41471638_G_A_b38","rs467375","1.4e-8","0.11","Lung"
"ENSG00000184012.11","TMPRSS2","chr21_41554694_A_G_b38","rs13046918","1.4e-8","-0.36","Testis"
"ENSG00000184012.11","TMPRSS2","chr21_41472035_T_A_b38","rs458213","1.7e-8","0.11","Lung"
"ENSG00000184012.11","TMPRSS2","chr21_41478148_T_C_b38","rs4818239","1.7e-8","0.11","Lung"
"ENSG00000184012.11","TMPRSS2","chr21_41485974_C_T_b38","rs62217531","2.3e-8","0.11","Lung"
"ENSG00000184012.11","TMPRSS2","chr21_41450217_A_G_b38","rs6517668","2.7e-8","-0.11","Lung"
"ENSG00000184012.11","TMPRSS2","chr21_41450505_G_A_b38","rs13050773","2.7e-8","-0.11","Lung"
"ENSG00000184012.11","TMPRSS2","chr21_41451056_G_A_b38","rs1050080","2.7e-8","-0.11","Lung"
"ENSG00000184012.11","TMPRSS2","chr21_41451445_C_T_b38","rs3737399","2.7e-8","-0.11","Lung"
"ENSG00000184012.11","TMPRSS2","chr21_41451462_A_G_b38","rs3737400","2.7e-8","-0.11","Lung"
"ENSG00000184012.11","TMPRSS2","chr21_41451468_C_T_b38","rs3737401","2.7e-8","-0.11","Lung"
"ENSG00000184012.11","TMPRSS2","chr21_41451605_C_T_b38","rs13047535","2.7e-8","-0.11","Lung"
"ENSG00000184012.11","TMPRSS2","chr21_41451696_G_A_b38","rs13050726","2.7e-8","-0.11","Lung"
"ENSG00000184012.11","TMPRSS2","chr21_41452806_G_A_b38","rs469304","2.8e-8","0.11","Lung"
"ENSG00000184012.11","TMPRSS2","chr21_41449719_A_G_b38","rs363976","3.5e-8","0.11","Lung"
"ENSG00000184012.11","TMPRSS2","chr21_41552469_C_T_b38","rs62219313","3.5e-8","0.43","Testis"
"ENSG00000184012.11","TMPRSS2","chr21_41450109_C_A_b38","rs6517666","3.9e-8","-0.11","Lung"
"ENSG00000184012.11","TMPRSS2","chr21_41552501_T_C_b38","rs28609001","4.5e-8","0.43","Testis"
"ENSG00000184012.11","TMPRSS2","chr21_41453809_G_A_b38","rs467519","4.6e-8","0.11","Lung"
"ENSG00000184012.11","TMPRSS2","chr21_41454836_A_G_b38","rs467512","4.6e-8","0.11","Lung"
"ENSG00000184012.11","TMPRSS2","chr21_41455551_G_C_b38","rs468397","4.6e-8","0.11","Lung"
"ENSG00000184012.11","TMPRSS2","chr21_41456429_A_C_b38","rs401498","5.4e-8","0.11","Lung"
"ENSG00000184012.11","TMPRSS2","chr21_41549338_C_T_b38","rs4818247","5.7e-8","0.42","Testis"
"ENSG00000184012.11","TMPRSS2","chr21_41550707_G_A_b38","rs62219306","5.7e-8","0.42","Testis"
"ENSG00000184012.11","TMPRSS2","chr21_41492816_A_G_b38","rs430915","6.7e-8","-0.11","Lung"
"ENSG00000184012.11","TMPRSS2","chr21_41548095_G_A_b38","rs1041834","6.7e-8","0.35","Testis"
"ENSG00000184012.11","TMPRSS2","chr21_41450499_A_T_b38","rs469126","6.9e-8","0.11","Lung"
"ENSG00000184012.11","TMPRSS2","chr21_41449820_G_A_b38","rs468444","7.0e-8","0.11","Lung"
"ENSG00000184012.11","TMPRSS2","chr21_41452947_C_T_b38","rs467798","9.2e-8","0.11","Lung"
"ENSG00000184012.11","TMPRSS2","chr21_41514305_C_T_b38","rs9979885","1.0e-7","-0.26","Prostate"
"ENSG00000184012.11","TMPRSS2","chr21_41561955_G_A_b38","rs17001215","1.5e-7","0.48","Testis"
"ENSG00000184012.11","TMPRSS2","chr21_41510535_C_T_b38","rs9978557","1.6e-7","-0.25","Prostate"
"ENSG00000184012.11","TMPRSS2","chr21_41512104_C_T_b38","rs9984523","1.6e-7","-0.25","Prostate"
"ENSG00000184012.11","TMPRSS2","chr21_41453222_G_C_b38","rs468259","2.6e-7","0.10","Lung"
"ENSG00000184012.11","TMPRSS2","chr21_41535247_C_T_b38","rs76490606","2.8e-7","0.55","Testis"
"ENSG00000184012.11","TMPRSS2","chr21_41562480_G_GC_b38","rs35624811","2.9e-7","-0.48","Testis"
"ENSG00000184012.11","TMPRSS2","chr21_41557202_A_C_b38","rs2838063","3.1e-7","0.37","Testis"
"ENSG00000184012.11","TMPRSS2","chr21_41554659_G_A_b38","rs2838062","3.5e-7","0.40","Testis"
"ENSG00000184012.11","TMPRSS2","chr21_41520998_T_G_b38","rs11908828","5.4e-7","-0.34","Testis"
"ENSG00000184012.11","TMPRSS2","chr21_41505455_T_C_b38","rs75373173","5.6e-7","0.56","Testis"
"ENSG00000184012.11","TMPRSS2","chr21_41508700_G_A_b38","rs76833541","5.6e-7","0.56","Testis"
"ENSG00000184012.11","TMPRSS2","chr21_41527742_A_T_b38","rs78509661","5.9e-7","0.53","Testis"
"ENSG00000184012.11","TMPRSS2","chr21_41555162_G_C_b38","rs4818248","6.4e-7","0.39","Testis"
"ENSG00000184012.11","TMPRSS2","chr21_41556271_G_A_b38","rs4818249","6.4e-7","0.39","Testis"
"ENSG00000184012.11","TMPRSS2","chr21_41486054_G_A_b38","rs2298857","8.0e-7","-0.11","Lung"
"ENSG00000184012.11","TMPRSS2","chr21_41560787_G_A_b38","rs73359771","8.3e-7","0.46","Testis"
"ENSG00000184012.11","TMPRSS2","chr21_41560924_C_A_b38","rs73359772","8.3e-7","0.46","Testis"
"ENSG00000184012.11","TMPRSS2","chr21_41561007_A_G_b38","rs17001207","8.3e-7","0.46","Testis"
"ENSG00000184012.11","TMPRSS2","chr21_41515627_T_C_b38","rs2097004","8.6e-7","-0.32","Testis"
"ENSG00000184012.11","TMPRSS2","chr21_41524406_G_T_b38","rs62219277","8.9e-7","0.34","Testis"
"ENSG00000184012.11","TMPRSS2","chr21_41497070_A_C_b38","rs34983238","9.3e-7","-0.23","Prostate"
"ENSG00000184012.11","TMPRSS2","chr21_41499618_A_AT_b38","rs34205539","9.3e-7","-0.23","Prostate"
"ENSG00000184012.11","TMPRSS2","chr21_41506199_A_C_b38","rs28360562","9.3e-7","-0.23","Prostate"
"ENSG00000184012.11","TMPRSS2","chr21_41509565_T_C_b38","rs8128074","9.7e-7","-0.49","Testis"
"ENSG00000184012.11","TMPRSS2","chr21_41524462_G_C_b38","rs2838045","0.0000010","0.33","Testis"
"ENSG00000184012.11","TMPRSS2","chr21_41484552_C_T_b38","rs56066678","0.0000013","-0.11","Lung"
"ENSG00000184012.11","TMPRSS2","chr21_40724486_G_C_b38","rs79566442","0.0000014","-1.2","Ovary"
"ENSG00000184012.11","TMPRSS2","chr21_41531083_C_T_b38","rs713400","0.0000015","0.49","Testis"
"ENSG00000184012.11","TMPRSS2","chr21_41513947_T_C_b38","rs4635604","0.0000015","-0.31","Testis"
"ENSG00000184012.11","TMPRSS2","chr21_41508701_T_G_b38","rs4283504","0.0000017","-0.49","Testis"
"ENSG00000184012.11","TMPRSS2","chr21_41513726_A_T_b38","rs4818243","0.0000017","-0.49","Testis"
"ENSG00000184012.11","TMPRSS2","chr21_41448047_C_T_b38","rs8133682","0.0000018","-0.096","Lung"
"ENSG00000184012.11","TMPRSS2","chr21_41524593_G_A_b38","rs75579634","0.0000018","0.48","Testis"
"ENSG00000184012.11","TMPRSS2","chr21_41519788_C_T_b38","rs7281987","0.0000018","-0.32","Testis"
"ENSG00000184012.11","TMPRSS2","chr21_41447278_G_A_b38","rs467574","0.0000021","0.095","Lung"
"ENSG00000184012.11","TMPRSS2","chr21_41481636_C_T_b38","rs2410428","0.0000022","-0.11","Lung"
"ENSG00000184012.11","TMPRSS2","chr21_41447995_T_C_b38","rs468699","0.0000027","0.092","Lung"
"ENSG00000184012.11","TMPRSS2","chr21_41560260_T_C_b38","rs2298686","0.0000027","0.41","Testis"
"ENSG00000184012.11","TMPRSS2","chr21_41473456_A_G_b38","rs17854725","0.0000029","0.087","Lung"
"ENSG00000184012.11","TMPRSS2","chr21_41516325_T_C_b38","rs6517672","0.0000031","-0.31","Testis"
"ENSG00000184012.11","TMPRSS2","chr21_41522634_T_C_b38","rs4818244","0.0000032","-0.47","Testis"
"ENSG00000184012.11","TMPRSS2","chr21_41444139_G_A_b38","rs462698","0.0000033","0.094","Lung"
"ENSG00000184012.11","TMPRSS2","chr21_41437279_A_C_b38","rs468646","0.0000034","0.091","Lung"
"ENSG00000184012.11","TMPRSS2","chr21_41437878_A_G_b38","rs468917","0.0000034","0.091","Lung"
"ENSG00000184012.11","TMPRSS2","chr21_41438502_A_C_b38","rs469153","0.0000034","0.091","Lung"
"ENSG00000184012.11","TMPRSS2","chr21_41478984_C_T_b38","rs9974995","0.0000035","-0.10","Lung"
"ENSG00000184012.11","TMPRSS2","chr21_41479050_A_G_b38","rs9974933","0.0000035","-0.10","Lung"
"ENSG00000184012.11","TMPRSS2","chr21_41479079_A_G_b38","rs9975014","0.0000035","-0.10","Lung"
"ENSG00000184012.11","TMPRSS2","chr21_41478118_T_C_b38","rs9636988","0.0000043","-0.10","Lung"
"ENSG00000184012.11","TMPRSS2","chr21_41434505_G_A_b38","rs363982","0.0000059","0.090","Lung"
"ENSG00000184012.11","TMPRSS2","chr21_41434545_C_T_b38","rs364153","0.0000059","0.090","Lung"
"ENSG00000184012.11","TMPRSS2","chr21_41436127_C_G_b38","rs468451","0.0000059","0.090","Lung"
"ENSG00000184012.11","TMPRSS2","chr21_41436146_A_C_b38","rs468209","0.0000059","0.090","Lung"
"ENSG00000184012.11","TMPRSS2","chr21_41446620_G_GA_b38","rs35477708","0.0000059","0.091","Lung"
"ENSG00000184012.11","TMPRSS2","chr21_41485788_T_C_b38","rs2257202","0.0000061","-0.10","Lung"
"ENSG00000184012.11","TMPRSS2","chr21_41446003_G_A_b38","rs469390","0.0000068","0.091","Lung"
"ENSG00000184012.11","TMPRSS2","chr21_41446179_C_T_b38","rs467773","0.0000068","0.091","Lung"
"ENSG00000184012.11","TMPRSS2","chr21_41446205_A_G_b38","rs364199","0.0000068","0.091","Lung"
"ENSG00000184012.11","TMPRSS2","chr21_41446346_C_T_b38","rs363882","0.0000068","0.091","Lung"
"ENSG00000184012.11","TMPRSS2","chr21_41446429_A_C_b38","rs364105","0.0000068","0.091","Lung"
"ENSG00000184012.11","TMPRSS2","chr21_41446430_G_A_b38","rs364203","0.0000068","0.091","Lung"
"ENSG00000184012.11","TMPRSS2","chr21_41446588_G_A_b38","rs469483","0.0000068","0.091","Lung"
"ENSG00000184012.11","TMPRSS2","chr21_41447005_T_A_b38","rs364143","0.0000068","0.091","Lung"
"ENSG00000184012.11","TMPRSS2","chr21_41447022_T_G_b38","rs364043","0.0000068","0.091","Lung"
"ENSG00000184012.11","TMPRSS2","chr21_41447036_A_C_b38","rs369454","0.0000068","0.091","Lung"
"ENSG00000184012.11","TMPRSS2","chr21_41435576_T_C_b38","rs469015","0.0000068","0.089","Lung"
"ENSG00000184012.11","TMPRSS2","chr21_41430449_A_C_b38","rs465490","0.0000079","-0.090","Lung"
"ENSG00000184012.11","TMPRSS2","chr21_41907341_G_A_b38","rs79391937","0.0000082","-0.33","Thyroid"
"ENSG00000184012.11","TMPRSS2","chr21_41444274_A_G_b38","rs469073","0.0000084","0.090","Lung"
"ENSG00000184012.11","TMPRSS2","chr21_41447082_G_A_b38","rs467537","0.0000085","0.089","Lung"
"ENSG00000184012.11","TMPRSS2","chr21_41489405_C_T_b38","rs429442","0.0000086","-0.10","Lung"
"ENSG00000184012.11","TMPRSS2","chr21_41445738_A_G_b38","rs469383","0.0000087","0.090","Lung"
"ENSG00000184012.11","TMPRSS2","chr21_41445655_A_G_b38","rs469288","0.0000090","0.090","Lung"
"ENSG00000184012.11","TMPRSS2","chr21_41444578_A_G_b38","rs469093","0.0000095","0.089","Lung"
"ENSG00000184012.11","TMPRSS2","chr21_41445250_G_A_b38","rs469270","0.0000095","0.089","Lung"
"ENSG00000184012.11","TMPRSS2","chr21_41449822_G_A_b38","rs2075810","0.0000098","-0.096","Lung"
"ENSG00000184012.11","TMPRSS2","chr21_41431199_A_C_b38","rs466112","0.0000098","-0.089","Lung"
"ENSG00000184012.11","TMPRSS2","chr21_41431317_T_C_b38","rs466135","0.0000098","-0.089","Lung"
"ENSG00000184012.11","TMPRSS2","chr21_41431599_T_C_b38","rs466591","0.0000098","-0.089","Lung"
"ENSG00000184012.11","TMPRSS2","chr21_41431688_G_A_b38","rs446742","0.0000098","-0.089","Lung"
"ENSG00000184012.11","TMPRSS2","chr21_41431913_C_T_b38","rs456657","0.0000098","-0.089","Lung"
"ENSG00000184012.11","TMPRSS2","chr21_41431931_A_G_b38","rs463856","0.0000098","-0.089","Lung"
"ENSG00000184012.11","TMPRSS2","chr21_41428591_T_C_b38","rs464397","0.000010","-0.089","Lung"
"ENSG00000184012.11","TMPRSS2","chr21_41447039_G_A_b38","rs365628","0.000010","0.089","Lung"
"ENSG00000184012.11","TMPRSS2","chr21_41444193_G_T_b38","rs1638369","0.000010","0.088","Lung"
"ENSG00000184012.11","TMPRSS2","chr21_41445685_G_A_b38","rs469382","0.000010","0.090","Lung"
"ENSG00000184012.11","TMPRSS2","chr21_41536083_G_A_b38","rs2838048","0.000011","0.30","Testis"
"ENSG00000184012.11","TMPRSS2","chr21_41437620_A_G_b38","rs468867","0.000011","0.087","Lung"
"ENSG00000184012.11","TMPRSS2","chr21_41437795_T_C_b38","rs467692","0.000011","0.087","Lung"
"ENSG00000184012.11","TMPRSS2","chr21_41536286_G_A_b38","rs7278065","0.000013","0.30","Testis"
"ENSG00000184012.11","TMPRSS2","chr21_41492239_A_C_b38","rs392370","0.000013","-0.097","Lung"
"ENSG00000184012.11","TMPRSS2","chr21_41476008_C_T_b38","rs66575656","0.000013","-0.097","Lung"
"ENSG00000184012.11","TMPRSS2","chr21_41449186_T_C_b38","rs2070229","0.000015","-0.094","Lung"
"ENSG00000184012.11","TMPRSS2","chr21_41449687_G_T_b38","rs2075807","0.000015","-0.094","Lung"
"ENSG00000184012.11","TMPRSS2","chr21_41449721_G_A_b38","rs2075808","0.000015","-0.094","Lung"
"ENSG00000184012.11","TMPRSS2","chr21_41450110_C_T_b38","rs6517667","0.000015","-0.094","Lung"
"ENSG00000184012.11","TMPRSS2","chr21_41450714_C_A_b38","rs34223646","0.000015","-0.094","Lung"
"ENSG00000184012.11","TMPRSS2","chr21_41450777_T_A_b38","rs34955673","0.000015","-0.094","Lung"
"ENSG00000184012.11","TMPRSS2","chr21_41450804_C_A_b38","rs58609335","0.000015","-0.094","Lung"
"ENSG00000184012.11","TMPRSS2","chr21_41451625_G_A_b38","rs62217502","0.000015","-0.094","Lung"
"ENSG00000184012.11","TMPRSS2","chr21_41432579_G_T_b38","rs458582","0.000015","-0.087","Lung"
"ENSG00000184012.11","TMPRSS2","chr21_41432752_G_A_b38","rs455599","0.000015","-0.087","Lung"
"ENSG00000184012.11","TMPRSS2","chr21_41491852_T_C_b38","rs391099","0.000015","-0.096","Lung"
"ENSG00000184012.11","TMPRSS2","chr21_41442549_G_A_b38","rs468704","0.000016","0.087","Lung"
"ENSG00000184012.11","TMPRSS2","chr21_41442594_A_G_b38","rs468440","0.000016","0.087","Lung"
"ENSG00000184012.11","TMPRSS2","chr21_41442939_A_G_b38","rs468747","0.000016","0.087","Lung"
"ENSG00000184012.11","TMPRSS2","chr21_41443170_A_ACT_b38","rs10670165","0.000016","0.087","Lung"
"ENSG00000184012.11","TMPRSS2","chr21_41443293_A_G_b38","rs468786","0.000016","0.087","Lung"
"ENSG00000184012.11","TMPRSS2","chr21_41443367_T_C_b38","rs468414","0.000016","0.087","Lung"
"ENSG00000184012.11","TMPRSS2","chr21_41443442_C_T_b38","rs364197","0.000016","0.087","Lung"
"ENSG00000184012.11","TMPRSS2","chr21_41443535_G_A_b38","rs469012","0.000016","0.087","Lung"
"ENSG00000184012.11","TMPRSS2","chr21_41486938_G_A_b38","rs364289","0.000016","-0.096","Lung"
"ENSG00000184012.11","TMPRSS2","chr21_41429682_A_G_b38","rs466513","0.000017","-0.087","Lung"
"ENSG00000184012.11","TMPRSS2","chr21_41430135_A_G_b38","rs466866","0.000017","-0.087","Lung"
"ENSG00000184012.11","TMPRSS2","chr21_41433195_C_T_b38","rs458939","0.000018","-0.086","Lung"
"ENSG00000184012.11","TMPRSS2","chr21_41425679_G_A_b38","rs462903","0.000019","-0.086","Lung"
"ENSG00000184012.11","TMPRSS2","chr21_41437879_G_A_b38","rs469581","0.000019","0.085","Lung"
"ENSG00000184012.11","TMPRSS2","chr21_41434482_G_T_b38","rs363981","0.000019","0.086","Lung"
"ENSG00000184012.11","TMPRSS2","chr21_41434603_C_T_b38","rs364154","0.000019","0.086","Lung"
"ENSG00000184012.11","TMPRSS2","chr21_41436185_T_C_b38","rs469213","0.000019","0.086","Lung"
"ENSG00000184012.11","TMPRSS2","chr21_41436273_G_A_b38","rs468473","0.000019","0.086","Lung"
"ENSG00000184012.11","TMPRSS2","chr21_41483637_G_T_b38","rs9977234","0.000020","-0.099","Lung"
"ENSG00000184012.11","TMPRSS2","chr21_41432943_C_T_b38","rs457347","0.000020","-0.086","Lung"
"ENSG00000184012.11","TMPRSS2","chr21_41433106_G_A_b38","rs455816","0.000020","-0.086","Lung"
"ENSG00000184012.11","TMPRSS2","chr21_41442291_A_G_b38","rs148214","0.000022","0.085","Lung"
"ENSG00000184012.11","TMPRSS2","chr21_41442345_T_C_b38","rs467987","0.000022","0.085","Lung"
"ENSG00000184012.11","TMPRSS2","chr21_41385693_A_T_b38","rs373066","0.000022","0.093","Lung"
"ENSG00000184012.11","TMPRSS2","chr21_41428386_A_AT_b38","rs11407987","0.000024","-0.086","Lung"
"ENSG00000184012.11","TMPRSS2","chr21_41497136_A_G_b38","rs415731","0.000024","-0.29","Testis"
"ENSG00000184012.11","TMPRSS2","chr21_41487759_G_T_b38","rs375760","0.000026","-0.098","Lung"
"ENSG00000184012.11","TMPRSS2","chr21_41427713_A_AC_b38","rs34451317","0.000028","-0.084","Lung"
"ENSG00000184012.11","TMPRSS2","chr21_41460614_C_T_b38","rs1557372","0.000029","-0.085","Lung"
"ENSG00000184012.11","TMPRSS2","chr21_41449769_C_G_b38","rs2075809","0.000030","-0.091","Lung"
"ENSG00000184012.11","TMPRSS2","chr21_41573354_C_T_b38","rs62219337","0.000035","0.29","Testis"
"ENSG00000184012.11","TMPRSS2","chr21_41435577_G_A_b38","rs468395","0.000040","0.083","Lung"
"ENSG00000184012.11","TMPRSS2","chr21_41562887_G_A_b38","rs3737426","0.000055","-0.34","Testis"